﻿<Language xmlns:xsi="http://www.w3.org/2001/XMLSchema-instance" xmlns:xsd="http://www.w3.org/2001/XMLSchema">
      <Name>English</Name>
  <Code>EN</Code>
  <Font>font_english</Font>
  <ScreenSpaceToolTips>
    <Record>
      <Key>StatusIconToxinName</Key>
      <Value>Toxins</Value>
    </Record>    
    <Record>
      <Key>StatusIconToxinDesc</Key>
      <Value>Current toxicity level</Value>
    </Record>
    <Record>
      <Key>StatusIconToxinWarning</Key>
      <Value>Needs attention</Value>
    </Record>
        <Record>
      <Key>StatusIconHydrationDesc</Key>
      <Value>Hydration is running low</Value>
    </Record>
    <Record>
      <Key>StatusIconHydrationKey</Key>
      <Value>Hydration Low</Value>
    </Record>
    <Record>
      <Key>HydrationCaution</Key>
      <Value>Hydration Caution</Value>
    </Record>
    <Record>
      <Key>HydrationCritical</Key>
      <Value>Hydration Critical</Value>
    </Record>
    <Record>
      <Key>StatusIconToxinCritical</Key>
      <Value>In a critical state</Value>
    </Record>
    <Record>
      <Key>StatusIconOxygenName</Key>
      <Value>Oxygen Supply</Value>
    </Record>
    <Record>
      <Key>StatusIconOxygenDesc</Key>
      <Value>The atmosphere you are breathing is causing damage to your lungs.</Value>
    </Record>
    <Record>
      <Key>StatusIconOxygenWarning</Key>
      <Value>Suit's tank is getting low and needs attention</Value>
    </Record>
    <Record>
      <Key>StatusIconOxyegnCritical</Key>
      <Value>Suit's tank is critical, replace your oxygen tank</Value>
    </Record>
    <Record>
      <Key>StatusIconPressureName</Key>
      <Value>Internal Pressure</Value>
    </Record>
    <Record>
      <Key>StatusIconPressureDesc</Key>
      <Value>Current pressure level, check suit pressure</Value>
    </Record>
    <Record>
      <Key>StatusIconPressureWarning</Key>
      <Value>Suit pressure is low</Value>
    </Record>
    <Record>
      <Key>StatusIconPressureCritical</Key>
      <Value>Suit pressure is critically low</Value>
    </Record>
    <Record>
      <Key>StatusIconTemperatureName</Key>
      <Value>Internal Tempurature</Value>
    </Record>
    <Record>
      <Key>StatusIconTemperatureDesc</Key>
      <Value>Current temperature inside your suit</Value>
    </Record>
    <Record>
      <Key>StatusIconTempuratureWarning</Key>
      <Value>Displays Current Toxicity Level</Value>
    </Record>
    <Record>
      <Key>StatusIconTempuratureCritical</Key>
      <Value>Displays Current Toxicity Level</Value>
    </Record>
    <Record>
      <Key>StatusIconLeakingName</Key>
      <Value>Suit's Leaking</Value>
    </Record>
    <Record>
      <Key>StatusIconPowerName</Key>
      <Value>Suit's Power Supply</Value>
    </Record>
    <Record>
      <Key>StatusIconGravityName</Key>
      <Value>Zero Gravity</Value>
    </Record>
    <Record>
      <Key>StatusIconJetpackName</Key>
      <Value>Jetpack Active</Value>
    </Record>
    <Record>
      <Key>StatusIconClimbingName</Key>
      <Value>Climbing</Value>
    </Record>
    <Record>
      <Key>StatusIconLightName</Key>
      <Value>Toggle Headlight</Value>
    </Record>
    <Record>
      <Key>StatusIconInternalsName</Key>
      <Value>Toggle Helmet Open/Close</Value>
    </Record>
    <Record>
      <Key>StatusIconHandPowerName</Key>
      <Value>Toggle Item in-hand On/Off</Value>
    </Record>
    <Record>
      <Key>StatusIconInSlotName</Key>
      <Value>You are inside a slot</Value>
    </Record>
    <Record>
      <Key>StatusIconHungerName</Key>
      <Value>Current Hunger</Value>
    </Record>
    <Record>
      <Key>StatusIconStunName</Key>
      <Value>Stun Percentage</Value>
    </Record>
    <Record>
      <Key>StatusIconAirTankName</Key>
      <Value>Current AirTank Capacity</Value>
    </Record>
    <Record>
      <Key>StatusIconJetpackWarningName</Key>
      <Value>Propellant Capacity</Value>
    </Record>
    <Record>
      <Key>StatusIconFilterName</Key>
      <Value>Filter Capacity</Value>
    </Record>
    <Record>
      <Key>StatusIconWasteName</Key>
      <Value>Waste Capacity</Value>
    </Record>
    <Record>
      <Key>StatusIconHealthName</Key>
      <Value>Current Health</Value>
    </Record>
    <Record>
      <Key>StatusIconHydrationName</Key>
      <Value>Current Hydration</Value>
    </Record>
    <Record>
      <Key>StatusIconUnconsciousName</Key>
      <Value>Unconscious</Value>
    </Record>
	<Record>
      <Key>DeconstructCanisterFull</Key>
      <Value>Cannot deconstruct. Canister needs to be empty</Value>
    </Record>
  </ScreenSpaceToolTips>
</Language>